locus_tag	ftype	length_bp	gene	EC_number	COG	product
MAG196_00001	tRNA	85				tRNA-Tyr(gta)
MAG196_00002	CDS	255				hypothetical protein
MAG196_00003	CDS	1221	macB_1	3.6.3.-	COG0577	Macrolide export ATP-binding/permease protein MacB
MAG196_00004	CDS	1230	macB_2	3.6.3.-	COG0577	Macrolide export ATP-binding/permease protein MacB
MAG196_00005	CDS	756	yknY	3.6.3.-	COG1136	putative ABC transporter ATP-binding protein YknY
MAG196_00006	CDS	1845	macA		COG0845	Macrolide export protein MacA
MAG196_00007	CDS	828	strL	1.1.1.133	COG1091	dTDP-4-dehydrorhamnose reductase
MAG196_00008	CDS	2220	spoIIIE		COG1674	DNA translocase SpoIIIE
MAG196_00009	CDS	588		3.6.1.66	COG0127	dITP/XTP pyrophosphatase
MAG196_00010	CDS	840				hypothetical protein
MAG196_00011	CDS	2994	pcrA_1	3.6.4.12	COG0210	ATP-dependent DNA helicase PcrA
MAG196_00012	CDS	207				hypothetical protein
MAG196_00013	CDS	1569	sigA_1		COG0568	RNA polymerase sigma factor SigA
MAG196_00014	CDS	1752	dnaG	2.7.7.-	COG0358	DNA primase
MAG196_00015	CDS	1017	fabHA	2.3.1.180	COG0332	3-oxoacyl-[acyl-carrier-protein] synthase 3 protein 1
MAG196_00016	CDS	1428	rsmF	2.1.1.178	COG0144	Ribosomal RNA small subunit methyltransferase F
MAG196_00017	CDS	576				hypothetical protein
MAG196_00018	CDS	414				hypothetical protein
MAG196_00019	CDS	825				hypothetical protein
MAG196_00020	CDS	645				hypothetical protein
MAG196_00021	CDS	2421	leuS	6.1.1.4		Leucine--tRNA ligase
MAG196_00022	CDS	1254				hypothetical protein
MAG196_00023	CDS	327				hypothetical protein
MAG196_00024	CDS	1341	der		COG1160	GTPase Der
MAG196_00025	CDS	651				hypothetical protein
MAG196_00026	CDS	195				hypothetical protein
MAG196_00027	CDS	1020	mltG	4.2.2.-		Endolytic murein transglycosylase
MAG196_00028	CDS	318	ybaB			Nucleoid-associated protein YbaB
MAG196_00029	CDS	411				hypothetical protein
MAG196_00030	CDS	1800				hypothetical protein
MAG196_00031	CDS	864	murB	1.3.1.98	COG0812	UDP-N-acetylenolpyruvoylglucosamine reductase
MAG196_00032	CDS	444				hypothetical protein
MAG196_00033	CDS	1485	gltX	6.1.1.17	COG0008	Glutamate--tRNA ligase
MAG196_00034	CDS	741		5.2.1.8		Putative peptidyl-prolyl cis-trans isomerase
MAG196_00035	CDS	1044	murG	2.4.1.227		UDP-N-acetylglucosamine--N-acetylmuramyl-(pentapeptide) pyrophosphoryl-undecaprenol N-acetylglucosamine transferase
MAG196_00036	CDS	1182	ftsW	2.4.1.129	COG0772	putative peptidoglycan glycosyltransferase FtsW
MAG196_00037	CDS	846	valG	2.4.1.338	COG0463	Validoxylamine A glucosyltransferase
MAG196_00038	CDS	1299	sigA_2		COG0568	RNA polymerase sigma factor SigA
MAG196_00039	CDS	570	tsaB		COG1214	tRNA threonylcarbamoyladenosine biosynthesis protein TsaB
MAG196_00040	CDS	2682	secA		COG0653	Protein translocase subunit SecA
MAG196_00041	CDS	969	dnaX_1	2.7.7.7	COG2812	DNA polymerase III subunit gamma/tau
MAG196_00042	CDS	666	bepA	3.4.-.-		Beta-barrel assembly-enhancing protease
MAG196_00043	CDS	285	fdx5			2Fe-2S ferredoxin-5
MAG196_00044	CDS	753	sufC		COG0396	Vegetative protein 296
MAG196_00045	CDS	261				hypothetical protein
MAG196_00046	CDS	759			COG2968	26 kDa periplasmic immunogenic protein
MAG196_00047	CDS	654				hypothetical protein
MAG196_00048	CDS	597				hypothetical protein
MAG196_00049	CDS	468				hypothetical protein
MAG196_00050	CDS	114				hypothetical protein
MAG196_00051	CDS	411				hypothetical protein
MAG196_00052	CDS	1404				hypothetical protein
MAG196_00053	CDS	213				hypothetical protein
MAG196_00054	CDS	372				hypothetical protein
MAG196_00055	CDS	828				hypothetical protein
MAG196_00056	CDS	663				hypothetical protein
MAG196_00057	rRNA	1245				16S ribosomal RNA (partial)
MAG196_00058	CDS	1389				hypothetical protein
MAG196_00059	CDS	642				hypothetical protein
MAG196_00060	CDS	1035				hypothetical protein
MAG196_00061	CDS	972	mshA_1	2.4.1.250	COG0438	D-inositol 3-phosphate glycosyltransferase
MAG196_00062	CDS	1170	pimA	2.4.1.345	COG0438	Phosphatidyl-myo-inositol mannosyltransferase
MAG196_00063	CDS	987				hypothetical protein
MAG196_00064	CDS	1119	patA_1	2.3.1.-	COG1696	Peptidoglycan O-acetyltransferase
MAG196_00065	CDS	111				hypothetical protein
MAG196_00066	CDS	996				hypothetical protein
MAG196_00067	CDS	1761	novN	2.1.3.12		Decarbamoylnovobiocin carbamoyltransferase
MAG196_00068	CDS	297				hypothetical protein
MAG196_00069	CDS	159				hypothetical protein
MAG196_00070	CDS	669				hypothetical protein
MAG196_00071	CDS	147	rpmB			50S ribosomal protein L28
MAG196_00072	CDS	690				hypothetical protein
MAG196_00073	CDS	402	prfA		COG0216	Peptide chain release factor 1
MAG196_00074	CDS	711				hypothetical protein
MAG196_00075	CDS	531	sigW		COG1595	ECF RNA polymerase sigma factor SigW
MAG196_00076	CDS	939				hypothetical protein
MAG196_00077	CDS	171				hypothetical protein
MAG196_00078	CDS	843	prfB		COG1186	Peptide chain release factor 2
MAG196_00079	CDS	513				hypothetical protein
MAG196_00080	CDS	876				hypothetical protein
MAG196_00081	CDS	579	infC			Translation initiation factor IF-3
MAG196_00082	CDS	195	rpmI		COG0291	50S ribosomal protein L35
MAG196_00083	CDS	342	rplT		COG0292	50S ribosomal protein L20
MAG196_00084	CDS	627				hypothetical protein
MAG196_00085	CDS	651	ntpD			V-type sodium ATPase subunit D
MAG196_00086	CDS	774				hypothetical protein
MAG196_00087	CDS	1443	ntpB			V-type sodium ATPase subunit B
MAG196_00088	CDS	1761	ntpA	3.6.3.15		V-type sodium ATPase catalytic subunit A
MAG196_00089	CDS	252				hypothetical protein
MAG196_00090	CDS	351	ntpG			V-type sodium ATPase subunit G
MAG196_00091	CDS	990	atpC			V-type ATP synthase subunit C
MAG196_00092	CDS	552	atpE			V-type proton ATPase subunit E
MAG196_00093	CDS	585	ntpK			V-type sodium ATPase subunit K
MAG196_00094	CDS	1929				hypothetical protein
MAG196_00095	CDS	378				hypothetical protein
MAG196_00096	CDS	963				hypothetical protein
MAG196_00097	CDS	2067	pka	2.3.1.-	COG0454	Protein lysine acetyltransferase Pka
MAG196_00098	CDS	471				Flavodoxin
MAG196_00099	CDS	1734	korA	1.2.7.3	COG0674	2-oxoglutarate oxidoreductase subunit KorA
MAG196_00100	CDS	891	korB	1.2.7.3	COG1013	2-oxoglutarate oxidoreductase subunit KorB
MAG196_00101	CDS	318				hypothetical protein
MAG196_00102	CDS	951	wfgD	2.4.1.305		UDP-Glc:alpha-D-GlcNAc-diphosphoundecaprenol beta-1,3-glucosyltransferase WfgD
MAG196_00103	CDS	234				hypothetical protein
MAG196_00104	CDS	675	trmD	2.1.1.228		tRNA (guanine-N(1)-)-methyltransferase
MAG196_00105	CDS	267				hypothetical protein
MAG196_00106	CDS	657	bdbD		COG1651	Disulfide bond formation protein D
MAG196_00107	CDS	369				hypothetical protein
MAG196_00108	CDS	717	tarA	2.4.1.187	COG1922	N-acetylglucosaminyldiphosphoundecaprenol N-acetyl-beta-D-mannosaminyltransferase
MAG196_00109	CDS	354				hypothetical protein
MAG196_00110	CDS	666	gpmA	5.4.2.11		2,3-bisphosphoglycerate-dependent phosphoglycerate mutase
MAG196_00111	CDS	1323	mnaA	5.1.3.14	COG0381	UDP-N-acetylglucosamine 2-epimerase
MAG196_00112	CDS	1305				hypothetical protein
MAG196_00113	CDS	579				hypothetical protein
MAG196_00114	CDS	402				hypothetical protein
MAG196_00115	CDS	882				hypothetical protein
MAG196_00116	CDS	1782	guaA	6.3.5.2		GMP synthase [glutamine-hydrolyzing]
MAG196_00117	CDS	585	sigM		COG1595	ECF RNA polymerase sigma factor SigM
MAG196_00118	CDS	1923				hypothetical protein
MAG196_00119	CDS	561	efp			Elongation factor P
MAG196_00120	CDS	1437	gatB	6.3.5.-	COG0064	Aspartyl/glutamyl-tRNA(Asn/Gln) amidotransferase subunit B
MAG196_00121	CDS	441	def	3.5.1.88	COG0242	Peptide deformylase
MAG196_00122	CDS	582		3.1.-.-	COG0322	Putative bifunctional exonuclease/endonuclease protein
MAG196_00123	CDS	699	nth	4.2.99.18	COG0177	Endonuclease III
MAG196_00124	CDS	801	resA_1			Thiol-disulfide oxidoreductase ResA
MAG196_00125	CDS	858	dipZ		COG0785	Protein DipZ
MAG196_00126	CDS	831	thyA	2.1.1.45	COG0207	Thymidylate synthase
MAG196_00127	CDS	531	dhfrIII	1.5.1.3		Dihydrofolate reductase type 3
MAG196_00128	CDS	705				hypothetical protein
MAG196_00129	CDS	540	folE	3.5.4.16	COG0302	GTP cyclohydrolase 1
MAG196_00130	CDS	969				hypothetical protein
MAG196_00131	CDS	450	folK	2.7.6.3	COG0801	2-amino-4-hydroxy-6-hydroxymethyldihydropteridine pyrophosphokinase
MAG196_00132	CDS	342	folB	4.1.2.25	COG1539	Dihydroneopterin aldolase
MAG196_00133	CDS	1827				hypothetical protein
MAG196_00134	CDS	2409	secD		COG0342	Protein translocase subunit SecD
MAG196_00135	CDS	672				hypothetical protein
MAG196_00136	CDS	951	cugP	2.7.7.9		UTP--glucose-1-phosphate uridylyltransferase
MAG196_00137	CDS	801				hypothetical protein
MAG196_00138	CDS	963				hypothetical protein
MAG196_00139	CDS	1470	rlmCD	2.1.1.189	COG2265	23S rRNA (uracil-C(5))-methyltransferase RlmCD
MAG196_00140	CDS	450	rlmH	2.1.1.177	COG1576	Ribosomal RNA large subunit methyltransferase H
MAG196_00141	CDS	282				hypothetical protein
MAG196_00142	CDS	366				hypothetical protein
MAG196_00143	CDS	336				hypothetical protein
MAG196_00144	CDS	261				hypothetical protein
MAG196_00145	CDS	834				hypothetical protein
MAG196_00146	tRNA	75				tRNA-Glu(ctc)
MAG196_00147	CDS	594				hypothetical protein
MAG196_00148	CDS	2238	uvrC		COG0322	UvrABC system protein C
MAG196_00149	CDS	801	wbbL	2.4.1.289	COG1216	N-acetylglucosaminyl-diphospho-decaprenol L-rhamnosyltransferase
MAG196_00150	CDS	672	ctc_1		COG1825	General stress protein CTC
MAG196_00151	CDS	1041	yerB			Putative lipoprotein YerB
MAG196_00152	CDS	2373				hypothetical protein
MAG196_00153	CDS	1506				hypothetical protein
MAG196_00154	CDS	348				hypothetical protein
MAG196_00155	CDS	1320				hypothetical protein
MAG196_00156	CDS	3738				hypothetical protein
MAG196_00157	CDS	2865				hypothetical protein
MAG196_00158	CDS	402				hypothetical protein
MAG196_00159	CDS	162				hypothetical protein
MAG196_00160	CDS	594				hypothetical protein
MAG196_00161	tRNA	78				tRNA-Arg(gcg)
MAG196_00162	tRNA	77				tRNA-Ala(ggc)
MAG196_00163	CDS	450	purE	4.1.1.21	COG0041	Phosphoribosylaminoimidazole carboxylase
MAG196_00164	CDS	573	tmung	3.2.2.27	COG1573	Type-4 uracil-DNA glycosylase
MAG196_00165	CDS	363				hypothetical protein
MAG196_00166	CDS	990	pheS	6.1.1.20	COG0016	Phenylalanine--tRNA ligase alpha subunit
MAG196_00167	CDS	213				hypothetical protein
MAG196_00168	CDS	633	pyrE	2.4.2.10	COG0461	Orotate phosphoribosyltransferase
MAG196_00169	CDS	678	rsmG	2.1.1.-	COG0357	Ribosomal RNA small subunit methyltransferase G
MAG196_00170	CDS	576	rlmE	2.1.1.166	COG0293	Ribosomal RNA large subunit methyltransferase E
MAG196_00171	CDS	750	ftsE		COG2884	Cell division ATP-binding protein FtsE
MAG196_00172	CDS	438				hypothetical protein
MAG196_00173	CDS	1053	purM	6.3.3.1		Phosphoribosylformylglycinamidine cyclo-ligase
MAG196_00174	CDS	1035				hypothetical protein
MAG196_00175	CDS	279				hypothetical protein
MAG196_00176	CDS	297				hypothetical protein
MAG196_00177	CDS	315				hypothetical protein
MAG196_00178	tRNA	74				tRNA-Gln(ctg)
MAG196_00179	CDS	1833				hypothetical protein
MAG196_00180	CDS	2325				Cell surface glycoprotein 2
MAG196_00181	CDS	399				hypothetical protein
MAG196_00182	tRNA	77				tRNA-Arg(tcg)
MAG196_00183	CDS	432				hypothetical protein
MAG196_00184	CDS	1206	ribBA		COG0108	Riboflavin biosynthesis protein RibBA
MAG196_00185	CDS	1401	ancA_1			Cellulosome-anchoring protein
MAG196_00186	CDS	480	ribH	2.5.1.78		6,7-dimethyl-8-ribityllumazine synthase
MAG196_00187	CDS	582	ribE	2.5.1.9	COG0307	Riboflavin synthase
MAG196_00188	CDS	210				hypothetical protein
MAG196_00189	CDS	2904	uvrA			UvrABC system protein A
MAG196_00190	CDS	312				hypothetical protein
MAG196_00191	CDS	804				hypothetical protein
MAG196_00192	CDS	909	lpxG	3.6.1.-	COG1408	UDP-2,3-diacylglucosamine pyrophosphatase LpxG
MAG196_00193	CDS	951	polX_1		COG1387	DNA polymerase/3'-5' exonuclease PolX
MAG196_00194	CDS	1239				hypothetical protein
MAG196_00195	CDS	339				hypothetical protein
MAG196_00196	CDS	5682				hypothetical protein
MAG196_00197	CDS	621				hypothetical protein
MAG196_00198	tRNA	90				tRNA-Ser(gga)
MAG196_00199	CDS	234				hypothetical protein
MAG196_00200	CDS	2358	pheT	6.1.1.20	COG0072	Phenylalanine--tRNA ligase beta subunit
MAG196_00201	CDS	558	cobO	2.5.1.-	COG2096	Cobalamin adenosyltransferase
MAG196_00202	CDS	294				hypothetical protein
MAG196_00203	CDS	1263		3.4.24.-	COG0612	putative zinc protease
MAG196_00204	CDS	435	ndk	2.7.4.6	COG0105	Nucleoside diphosphate kinase
MAG196_00205	CDS	294				hypothetical protein
MAG196_00206	CDS	1293		3.4.21.-		putative CtpA-like serine protease
MAG196_00207	CDS	549				hypothetical protein
MAG196_00208	CDS	576			COG0328	Bifunctional protein
MAG196_00209	CDS	303				hypothetical protein
MAG196_00210	CDS	1290	glmU		COG1207	Bifunctional protein GlmU
MAG196_00211	CDS	1164	dnaN			Beta sliding clamp
MAG196_00212	CDS	3174	mfd	3.6.4.-		Transcription-repair-coupling factor
MAG196_00213	CDS	354				hypothetical protein
MAG196_00214	CDS	1227				hypothetical protein
MAG196_00215	CDS	1365				hypothetical protein
MAG196_00216	CDS	354				hypothetical protein
MAG196_00217	CDS	1320				hypothetical protein
MAG196_00218	tRNA	88				tRNA-Leu(tag)
MAG196_00219	CDS	1008				hypothetical protein
MAG196_00220	CDS	1746	aspS	6.1.1.23	COG0173	Aspartate--tRNA(Asp/Asn) ligase
MAG196_00221	CDS	312				hypothetical protein
MAG196_00222	CDS	444	nrdR		COG1327	Transcriptional repressor NrdR
MAG196_00223	CDS	618	ywlC	2.7.7.87	COG0009	Threonylcarbamoyl-AMP synthase
MAG196_00224	CDS	3708	dnaE	2.7.7.7	COG0587	DNA polymerase III subunit alpha
MAG196_00225	CDS	441				hypothetical protein
MAG196_00226	CDS	1677				hypothetical protein
MAG196_00227	CDS	2649				hypothetical protein
MAG196_00228	CDS	741				hypothetical protein
MAG196_00229	CDS	843				hypothetical protein
MAG196_00230	CDS	4002				hypothetical protein
MAG196_00231	CDS	879	ssb		COG0629	Single-stranded DNA-binding protein
MAG196_00232	CDS	861	cnrA			Nickel and cobalt resistance protein CnrA
MAG196_00233	CDS	624				hypothetical protein
MAG196_00234	CDS	1521				hypothetical protein
MAG196_00235	CDS	282				hypothetical protein
MAG196_00236	CDS	2895				hypothetical protein
MAG196_00237	CDS	306				hypothetical protein
MAG196_00238	tRNA	77				tRNA-His(gtg)
MAG196_00239	CDS	2097				hypothetical protein
MAG196_00240	CDS	681				hypothetical protein
MAG196_00241	CDS	993		3.4.-.-		putative peptidase
MAG196_00242	CDS	444				hypothetical protein
MAG196_00243	CDS	1335				hypothetical protein
MAG196_00244	CDS	1047	rlpA	4.2.2.-		Endolytic peptidoglycan transglycosylase RlpA
MAG196_00245	CDS	672	rpsC			30S ribosomal protein S3
MAG196_00246	CDS	495	rplV		COG0091	50S ribosomal protein L22
MAG196_00247	CDS	279	rpsS			30S ribosomal protein S19
MAG196_00248	CDS	852	rplB			50S ribosomal protein L2
MAG196_00249	CDS	300				hypothetical protein
MAG196_00250	CDS	699	rplD		COG0088	50S ribosomal protein L4
MAG196_00251	CDS	660	rplC		COG0087	50S ribosomal protein L3
MAG196_00252	CDS	153				hypothetical protein
MAG196_00253	CDS	522	yyaP		COG0262	putative protein YyaP
MAG196_00254	CDS	204				hypothetical protein
MAG196_00255	CDS	534				hypothetical protein
MAG196_00256	CDS	255	yodB		COG1733	HTH-type transcriptional regulator YodB
MAG196_00257	CDS	759	yokF	3.1.-.-	COG1525	SPBc2 prophage-derived endonuclease YokF
MAG196_00258	CDS	318				hypothetical protein
MAG196_00259	CDS	864				hypothetical protein
MAG196_00260	CDS	210				hypothetical protein
MAG196_00261	CDS	2655				hypothetical protein
MAG196_00262	CDS	348				hypothetical protein
MAG196_00263	CDS	1083	dnaJ		COG0484	Chaperone protein DnaJ
MAG196_00264	CDS	1032				hypothetical protein
MAG196_00265	CDS	582				hypothetical protein
MAG196_00266	CDS	1638	recJ	3.1.-.-	COG0608	Single-stranded-DNA-specific exonuclease RecJ
MAG196_00267	CDS	225				hypothetical protein
MAG196_00268	CDS	870	uppP	3.6.1.27	COG1968	Undecaprenyl-diphosphatase
MAG196_00269	CDS	897				hypothetical protein
MAG196_00270	CDS	555	lemA		COG1704	Protein LemA
MAG196_00271	CDS	882				hypothetical protein
MAG196_00272	CDS	462	hspA		COG0071	Spore protein SP21
MAG196_00273	CDS	348				hypothetical protein
MAG196_00274	CDS	882	gtaB	2.7.7.9	COG1210	UTP--glucose-1-phosphate uridylyltransferase
MAG196_00275	CDS	636				hypothetical protein
MAG196_00276	CDS	423				hypothetical protein
MAG196_00277	CDS	603				hypothetical protein
MAG196_00278	CDS	1983	uvrB		COG0556	UvrABC system protein B
MAG196_00279	CDS	570				hypothetical protein
MAG196_00280	CDS	225				hypothetical protein
MAG196_00281	CDS	1308	serS	6.1.1.11	COG0172	Serine--tRNA ligase
MAG196_00282	CDS	213				hypothetical protein
MAG196_00283	CDS	429				hypothetical protein
MAG196_00284	CDS	252				hypothetical protein
MAG196_00285	CDS	372	cheY		COG0784	Chemotaxis protein CheY
MAG196_00286	CDS	264				hypothetical protein
MAG196_00287	CDS	240				hypothetical protein
MAG196_00288	CDS	1056	bshA_1	2.4.1.-	COG0438	N-acetyl-alpha-D-glucosaminyl L-malate synthase
MAG196_00289	CDS	2109				hypothetical protein
MAG196_00290	CDS	432				hypothetical protein
MAG196_00291	CDS	1173	metK	2.5.1.6		S-adenosylmethionine synthase
MAG196_00292	CDS	198				hypothetical protein
MAG196_00293	CDS	1416	zwf	1.1.1.49	COG0364	Glucose-6-phosphate 1-dehydrogenase
MAG196_00294	CDS	699	pgl	3.1.1.31		6-phosphogluconolactonase
MAG196_00295	CDS	348				hypothetical protein
MAG196_00296	CDS	1506	comM		COG0606	Competence protein ComM
MAG196_00297	CDS	840	pyrF	4.1.1.23	COG0284	Orotidine 5'-phosphate decarboxylase
MAG196_00298	CDS	1683	omp-alpha			Outer membrane protein alpha
MAG196_00299	tRNA	75				tRNA-Arg(cct)
MAG196_00300	CDS	819				hypothetical protein
MAG196_00301	CDS	540				hypothetical protein
MAG196_00302	CDS	1350	murA	2.5.1.7		UDP-N-acetylglucosamine 1-carboxyvinyltransferase
MAG196_00303	CDS	429	lspA	3.4.23.36	COG0597	Lipoprotein signal peptidase
MAG196_00304	CDS	1383	nusA		COG0195	Transcription termination/antitermination protein NusA
MAG196_00305	CDS	6657				hypothetical protein
MAG196_00306	CDS	183				hypothetical protein
MAG196_00307	CDS	144				hypothetical protein
MAG196_00308	CDS	192				hypothetical protein
MAG196_00309	CDS	1533				Cell surface glycoprotein 2
MAG196_00310	CDS	660				hypothetical protein
MAG196_00311	CDS	1224				hypothetical protein
MAG196_00312	CDS	177				hypothetical protein
MAG196_00313	CDS	537				hypothetical protein
MAG196_00314	CDS	498				hypothetical protein
MAG196_00315	CDS	438				hypothetical protein
MAG196_00316	CDS	594				hypothetical protein
MAG196_00317	CDS	804				hypothetical protein
MAG196_00318	CDS	204				hypothetical protein
MAG196_00319	CDS	231				hypothetical protein
MAG196_00320	CDS	1344				hypothetical protein
MAG196_00321	CDS	291				hypothetical protein
MAG196_00322	CDS	588				hypothetical protein
MAG196_00323	CDS	960	xerD		COG4974	Tyrosine recombinase XerD
MAG196_00324	CDS	207				hypothetical protein
MAG196_00325	CDS	288				hypothetical protein
MAG196_00326	CDS	2559				hypothetical protein
MAG196_00327	CDS	1596				hypothetical protein
MAG196_00328	CDS	1203	pgk/tpi		COG0126	Bifunctional PGK/TIM
MAG196_00329	CDS	372				hypothetical protein
MAG196_00330	CDS	1029	tagO	2.7.8.33	COG0472	putative undecaprenyl-phosphate N-acetylglucosaminyl 1-phosphate transferase
MAG196_00331	CDS	513				hypothetical protein
MAG196_00332	CDS	1476	mepM_1	3.4.24.-	COG0739	Murein DD-endopeptidase MepM
MAG196_00333	CDS	984	tsaE		COG0802	tRNA threonylcarbamoyladenosine biosynthesis protein TsaE
MAG196_00334	CDS	588				hypothetical protein
MAG196_00335	CDS	387				hypothetical protein
MAG196_00336	CDS	399				hypothetical protein
MAG196_00337	CDS	186				hypothetical protein
MAG196_00338	CDS	744	miaA	2.5.1.75	COG0324	tRNA dimethylallyltransferase
MAG196_00339	CDS	591	clpP	3.4.21.92	COG0740	ATP-dependent Clp protease proteolytic subunit
MAG196_00340	CDS	432				hypothetical protein
MAG196_00341	CDS	366	rplU		COG0261	50S ribosomal protein L21
MAG196_00342	CDS	357				hypothetical protein
MAG196_00343	CDS	1080	ysdC	3.4.11.-	COG1363	Putative aminopeptidase YsdC
MAG196_00344	CDS	318				hypothetical protein
MAG196_00345	tRNA	75				tRNA-Gln(ttg)
MAG196_00346	CDS	987				hypothetical protein
MAG196_00347	CDS	1110				hypothetical protein
MAG196_00348	CDS	117				hypothetical protein
MAG196_00349	CDS	1425				hypothetical protein
MAG196_00350	CDS	1449				hypothetical protein
MAG196_00351	CDS	951	pyrB	2.1.3.2	COG0540	Aspartate carbamoyltransferase catalytic subunit
MAG196_00352	CDS	1263	pyrC	3.5.2.3	COG0044	Dihydroorotase
MAG196_00353	CDS	783				hypothetical protein
MAG196_00354	CDS	828				hypothetical protein
MAG196_00355	CDS	471	dksA			RNA polymerase-binding transcription factor DksA
MAG196_00356	CDS	1419				hypothetical protein
MAG196_00357	CDS	1917	rnjA	3.1.-.-	COG0595	Ribonuclease J1
MAG196_00358	CDS	1929				hypothetical protein
MAG196_00359	CDS	387	hldE	2.7.7.70		Bifunctional protein HldE
MAG196_00360	CDS	702				hypothetical protein
MAG196_00361	CDS	747	comC			Type 4 prepilin-like proteins leader peptide-processing enzyme
MAG196_00362	CDS	441	smpB		COG0691	SsrA-binding protein
MAG196_00363	CDS	423				hypothetical protein
MAG196_00364	CDS	597	recR		COG0353	Recombination protein RecR
MAG196_00365	CDS	885				hypothetical protein
MAG196_00366	CDS	1509	purH		COG0138	Bifunctional purine biosynthesis protein PurH
MAG196_00367	CDS	390	czcR			Transcriptional activator protein CzcR
MAG196_00368	CDS	1812	epsE_1		COG2804	Type II secretion system protein E
MAG196_00369	CDS	1341	epsF		COG1459	Type II secretion system protein F
MAG196_00370	CDS	903				hypothetical protein
MAG196_00371	CDS	3033				hypothetical protein
MAG196_00372	CDS	1443				hypothetical protein
MAG196_00373	CDS	432				hypothetical protein
MAG196_00374	CDS	615				hypothetical protein
MAG196_00375	CDS	432	epsG		COG2165	Type II secretion system protein G
MAG196_00376	CDS	279	hup		COG0776	DNA-binding protein HU
MAG196_00377	CDS	2478	topA	5.99.1.2		DNA topoisomerase 1
MAG196_00378	CDS	912				hypothetical protein
MAG196_00379	CDS	141				hypothetical protein
MAG196_00380	tRNA	76				tRNA-Trp(cca)
MAG196_00381	CDS	411				hypothetical protein
MAG196_00382	tRNA	76				tRNA-Trp(cca)
MAG196_00383	CDS	882	mepM_2	3.4.24.-	COG0739	Murein DD-endopeptidase MepM
MAG196_00384	CDS	1065	dgt		COG0232	Deoxyguanosinetriphosphate triphosphohydrolase-like protein
MAG196_00385	CDS	636	rl5	1.10.3.-		Polyphenol oxidase
MAG196_00386	CDS	774	nnr		COG0062	Bifunctional NAD(P)H-hydrate repair enzyme Nnr
MAG196_00387	CDS	312				hypothetical protein
MAG196_00388	CDS	714				hypothetical protein
MAG196_00389	CDS	11604				hypothetical protein
MAG196_00390	CDS	3540				hypothetical protein
MAG196_00391	CDS	552	pth	3.1.1.29	COG0193	Peptidyl-tRNA hydrolase
MAG196_00392	CDS	357				hypothetical protein
MAG196_00393	CDS	666				hypothetical protein
MAG196_00394	CDS	627	spsB	3.4.21.89		Signal peptidase IB
MAG196_00395	CDS	189	secE			Protein translocase subunit SecE
MAG196_00396	CDS	546	nusG		COG0250	Transcription termination/antitermination protein NusG
MAG196_00397	CDS	336				hypothetical protein
MAG196_00398	CDS	276	acyP	3.6.1.7	COG1254	Acylphosphatase
MAG196_00399	CDS	1239	murJ		COG0728	Lipid II flippase MurJ
MAG196_00400	CDS	1485	nrdB	1.17.4.1	COG0208	Ribonucleoside-diphosphate reductase subunit beta
MAG196_00401	CDS	1671	nrdZ	1.17.4.1		Vitamin B12-dependent ribonucleoside-diphosphate reductase
MAG196_00402	CDS	2484	purL	6.3.5.3	COG0046	Phosphoribosylformylglycinamidine synthase subunit PurL
MAG196_00403	CDS	1206				hypothetical protein
MAG196_00404	CDS	1272				hypothetical protein
MAG196_00405	CDS	1248	murC	6.3.2.8	COG0773	UDP-N-acetylmuramate--L-alanine ligase
MAG196_00406	CDS	447				hypothetical protein
MAG196_00407	tRNA	77				tRNA-Met(cat)
MAG196_00408	CDS	285	rpmA		COG0211	50S ribosomal protein L27
MAG196_00409	CDS	693				hypothetical protein
MAG196_00410	CDS	1818	lepA	3.6.5.-	COG0481	Elongation factor 4
MAG196_00411	CDS	2661				hypothetical protein
MAG196_00412	CDS	648				hypothetical protein
MAG196_00413	CDS	408				hypothetical protein
MAG196_00414	CDS	939				hypothetical protein
MAG196_00415	CDS	528	rplS			50S ribosomal protein L19
MAG196_00416	CDS	585				hypothetical protein
MAG196_00417	CDS	1728				hypothetical protein
MAG196_00418	CDS	1356				hypothetical protein
MAG196_00419	CDS	2229	infB			Translation initiation factor IF-2
MAG196_00420	CDS	1344	nrnA_1	3.1.-.-	COG0618	Bifunctional oligoribonuclease and PAP phosphatase NrnA
MAG196_00421	CDS	267				hypothetical protein
MAG196_00422	CDS	927				Surface layer protein
MAG196_00423	CDS	1266	eno	4.2.1.11	COG0148	Enolase
MAG196_00424	CDS	852				hypothetical protein
MAG196_00425	CDS	912	corA		COG0598	Cobalt/magnesium transport protein CorA
MAG196_00426	CDS	399				hypothetical protein
MAG196_00427	CDS	405				hypothetical protein
MAG196_00428	CDS	924	lgt_1	2.4.99.-	COG0682	Prolipoprotein diacylglyceryl transferase
MAG196_00429	CDS	1800	thrS	6.1.1.3	COG0441	Threonine--tRNA ligase
MAG196_00430	CDS	1464	dnaA		COG0593	Chromosomal replication initiator protein DnaA
MAG196_00431	CDS	1122	mmpA	3.4.24.-	COG0750	Metalloprotease MmpA
MAG196_00432	CDS	642				hypothetical protein
MAG196_00433	tRNA	77				tRNA-Val(gac)
MAG196_00434	CDS	477				hypothetical protein
MAG196_00435	CDS	2343				hypothetical protein
MAG196_00436	CDS	435	dut	3.6.1.23		Deoxyuridine 5'-triphosphate nucleotidohydrolase
MAG196_00437	CDS	1275	ftsZ			Cell division protein FtsZ
MAG196_00438	CDS	1233	ftsA		COG0849	Cell division protein FtsA
MAG196_00439	CDS	915	polA	2.7.7.7	COG0258	DNA polymerase I
MAG196_00440	CDS	600	glgA	2.4.1.21	COG0297	Glycogen synthase
MAG196_00441	CDS	1650				hypothetical protein
MAG196_00442	CDS	1680				hypothetical protein
MAG196_00443	tRNA	75				tRNA-Lys(ctt)
MAG196_00444	CDS	855	truB	5.4.99.25	COG0130	tRNA pseudouridine synthase B
MAG196_00445	CDS	570				hypothetical protein
MAG196_00446	CDS	369				hypothetical protein
MAG196_00447	CDS	555				hypothetical protein
MAG196_00448	CDS	975	prs	2.7.6.1	COG0462	Ribose-phosphate pyrophosphokinase
MAG196_00449	CDS	444				hypothetical protein
MAG196_00450	tRNA	77				tRNA-Ile(gat)
MAG196_00451	CDS	369				hypothetical protein
MAG196_00452	CDS	1080				hypothetical protein
MAG196_00453	CDS	564	tag	3.2.2.20	COG2818	DNA-3-methyladenine glycosylase 1
MAG196_00454	CDS	1617				hypothetical protein
MAG196_00455	CDS	492	ruvC	3.1.22.4	COG0817	Crossover junction endodeoxyribonuclease RuvC
MAG196_00456	CDS	1104	recF		COG1195	DNA replication and repair protein RecF
MAG196_00457	CDS	459	rppH	3.6.1.-	COG0494	RNA pyrophosphohydrolase
MAG196_00458	CDS	195				hypothetical protein
MAG196_00459	CDS	912		4.3.1.9	COG0492	Glucosaminate ammonia-lyase
MAG196_00460	CDS	1287	gluD	1.4.1.2		NAD-specific glutamate dehydrogenase
MAG196_00461	CDS	666			COG5424	PqqC-like protein
MAG196_00462	CDS	762	btuF			Vitamin B12-binding protein
MAG196_00463	CDS	1425				hypothetical protein
MAG196_00464	tRNA	87				tRNA-Leu(caa)
MAG196_00465	CDS	1221				hypothetical protein
MAG196_00466	CDS	1233	murD	6.3.2.9		UDP-N-acetylmuramoylalanine--D-glutamate ligase
MAG196_00467	CDS	468	grpE		COG0576	Protein GrpE
MAG196_00468	CDS	1017	yrbG		COG0530	Inner membrane protein YrbG
MAG196_00469	CDS	561				hypothetical protein
MAG196_00470	CDS	324				hypothetical protein
MAG196_00471	CDS	1137	ancA_2			Cellulosome-anchoring protein
MAG196_00472	CDS	726	zupT			Zinc transporter ZupT
MAG196_00473	tRNA	77				tRNA-Met(cat)
MAG196_00474	CDS	522	ppa	3.6.1.1		Inorganic pyrophosphatase
MAG196_00475	CDS	240				hypothetical protein
MAG196_00476	CDS	540				hypothetical protein
MAG196_00477	CDS	732	lip1	3.1.1.3		Lipase 1
MAG196_00478	CDS	2652	stkP	2.7.11.1	COG0515	Serine/threonine-protein kinase StkP
MAG196_00479	CDS	855				hypothetical protein
MAG196_00480	CDS	1500	murF	6.3.2.10	COG0770	UDP-N-acetylmuramoyl-tripeptide--D-alanyl-D-alanine ligase
MAG196_00481	CDS	1233	rfbE_1	2.6.1.102	COG0399	GDP-perosamine synthase
MAG196_00482	CDS	999	femA	2.3.2.17		Aminoacyltransferase FemA
MAG196_00483	CDS	273				hypothetical protein
MAG196_00484	CDS	1395				hypothetical protein
MAG196_00485	CDS	1689	argS	6.1.1.19	COG0018	Arginine--tRNA ligase
MAG196_00486	CDS	843				hypothetical protein
MAG196_00487	CDS	2271	traC			Protein TraC
MAG196_00488	CDS	972	nrnA_2	3.1.-.-	COG0618	Bifunctional oligoribonuclease and PAP phosphatase NrnA
MAG196_00489	CDS	327	rbfA		COG0858	Ribosome-binding factor A
MAG196_00490	CDS	864	fmt	2.1.2.9	COG0223	Methionyl-tRNA formyltransferase
MAG196_00491	CDS	1269				Surface layer protein
MAG196_00492	CDS	348				hypothetical protein
MAG196_00493	CDS	1542	metG	6.1.1.10	COG0143	Methionine--tRNA ligase
MAG196_00494	CDS	369				hypothetical protein
MAG196_00495	CDS	564				hypothetical protein
MAG196_00496	CDS	1038				hypothetical protein
MAG196_00497	tRNA	77				tRNA-Gly(gcc)
MAG196_00498	CDS	774	ycfH	3.1.-.-	COG0084	putative metal-dependent hydrolase YcfH
MAG196_00499	CDS	807	efeU		COG0672	Ferrous iron permease EfeU
MAG196_00500	tRNA	75				tRNA-Lys(ttt)
MAG196_00501	CDS	1119	pimB_1	2.4.1.346	COG0438	GDP-mannose-dependent alpha-(1-6)-phosphatidylinositol monomannoside mannosyltransferase
MAG196_00502	CDS	441				hypothetical protein
MAG196_00503	CDS	1047	ruvB	3.6.4.12	COG2255	Holliday junction ATP-dependent DNA helicase RuvB
MAG196_00504	CDS	627				hypothetical protein
MAG196_00505	CDS	423	rplK			50S ribosomal protein L11
MAG196_00506	CDS	639				hypothetical protein
MAG196_00507	CDS	702	rplA		COG0081	50S ribosomal protein L1
MAG196_00508	CDS	1035	dus	1.3.1.-		putative tRNA-dihydrouridine synthase
MAG196_00509	CDS	357				hypothetical protein
MAG196_00510	CDS	1248			COG0628	Putative transport protein
MAG196_00511	CDS	2622	clpC_1		COG0542	ATP-dependent Clp protease ATP-binding subunit ClpC
MAG196_00512	CDS	594				hypothetical protein
MAG196_00513	CDS	705				hypothetical protein
MAG196_00514	CDS	1416	rpsA		COG0539	30S ribosomal protein S1
MAG196_00515	CDS	429		3.9.1.-	COG0537	Purine nucleoside phosphoramidase
MAG196_00516	CDS	489				hypothetical protein
MAG196_00517	CDS	282				hypothetical protein
MAG196_00518	CDS	270				hypothetical protein
MAG196_00519	CDS	165				hypothetical protein
MAG196_00520	tRNA	75				tRNA-Gly(tcc)
MAG196_00521	CDS	1503	ybiT		COG0488	putative ABC transporter ATP-binding protein YbiT
MAG196_00522	CDS	195	capB			Cold shock protein CapB
MAG196_00523	CDS	1434	resA_2			Thiol-disulfide oxidoreductase ResA
MAG196_00524	CDS	4416	smc			Chromosome partition protein Smc
MAG196_00525	CDS	1080				hypothetical protein
MAG196_00526	CDS	558	pdxT	4.3.3.6	COG0311	Pyridoxal 5'-phosphate synthase subunit PdxT
MAG196_00527	CDS	873	pdxS	4.3.3.6		Pyridoxal 5'-phosphate synthase subunit PdxS
MAG196_00528	CDS	978				hypothetical protein
MAG196_00529	CDS	1053	ynaI		COG0668	Low conductance mechanosensitive channel YnaI
MAG196_00530	CDS	522	idi	5.3.3.2	COG1443	Isopentenyl-diphosphate Delta-isomerase
MAG196_00531	CDS	669	uppS	2.5.1.-	COG0020	Isoprenyl transferase
MAG196_00532	CDS	822				hypothetical protein
MAG196_00533	CDS	978	thrB	2.7.1.39		Homoserine kinase
MAG196_00534	CDS	1158				hypothetical protein
MAG196_00535	CDS	1023	mvaS	2.3.3.10	COG3425	Hydroxymethylglutaryl-CoA synthase
MAG196_00536	CDS	1107	pcaF	2.3.1.174	COG0183	Beta-ketoadipyl-CoA thiolase
MAG196_00537	CDS	921	gmk_1	2.7.4.8	COG0194	Guanylate kinase
MAG196_00538	CDS	405				hypothetical protein
MAG196_00539	CDS	903				hypothetical protein
MAG196_00540	CDS	840				hypothetical protein
MAG196_00541	CDS	813	suhB	3.1.3.11	COG0483	Fructose-1,6-bisphosphatase/inositol-1-monophosphatase
MAG196_00542	CDS	579	maf		COG0424	Septum formation protein Maf
MAG196_00543	CDS	684				hypothetical protein
MAG196_00544	CDS	753				hypothetical protein
MAG196_00545	CDS	387	trpS	6.1.1.2	COG0180	Tryptophan--tRNA ligase
MAG196_00546	CDS	498				hypothetical protein
MAG196_00547	CDS	912				hypothetical protein
MAG196_00548	CDS	513				hypothetical protein
MAG196_00549	CDS	342				hypothetical protein
MAG196_00550	CDS	573				hypothetical protein
MAG196_00551	CDS	534	msrB	1.8.4.12	COG0229	Peptide methionine sulfoxide reductase MsrB
MAG196_00552	CDS	1803	typA		COG1217	GTP-binding protein TypA/BipA
MAG196_00553	CDS	2319				hypothetical protein
MAG196_00554	CDS	198				hypothetical protein
MAG196_00555	CDS	666	isfD2	1.1.1.313	COG4221	Sulfoacetaldehyde reductase 2
MAG196_00556	CDS	972			COG0596	putative protein
MAG196_00557	CDS	2826				hypothetical protein
MAG196_00558	CDS	1032				hypothetical protein
MAG196_00559	CDS	2427				hypothetical protein
MAG196_00560	CDS	714	arnC_1	2.4.2.53		Undecaprenyl-phosphate 4-deoxy-4-formamido-L-arabinose transferase
MAG196_00561	CDS	1011	mshA_2	2.4.1.250	COG0438	D-inositol 3-phosphate glycosyltransferase
MAG196_00562	CDS	1134	bshA_2	2.4.1.-	COG0438	N-acetyl-alpha-D-glucosaminyl L-malate synthase
MAG196_00563	CDS	1140	wbnH	2.4.1.306		O-antigen biosynthesis glycosyltransferase WbnH
MAG196_00564	CDS	1617				hypothetical protein
MAG196_00565	CDS	951	rmlB	4.2.1.46	COG1088	dTDP-glucose 4,6-dehydratase
MAG196_00566	CDS	750	rffH	2.7.7.24	COG1209	Glucose-1-phosphate thymidylyltransferase 2
MAG196_00567	CDS	222				hypothetical protein
MAG196_00568	CDS	1029	pimB_2	2.4.1.346	COG0438	GDP-mannose-dependent alpha-(1-6)-phosphatidylinositol monomannoside mannosyltransferase
MAG196_00569	CDS	1101		2.4.1.11	COG0438	Glycogen synthase
MAG196_00570	CDS	339				hypothetical protein
MAG196_00571	CDS	669	ppm1_1	2.4.1.-		Polyprenol monophosphomannose synthase
MAG196_00572	CDS	2790				hypothetical protein
MAG196_00573	CDS	201				hypothetical protein
MAG196_00574	CDS	1383				hypothetical protein
MAG196_00575	CDS	1257				hypothetical protein
MAG196_00576	CDS	543				hypothetical protein
MAG196_00577	CDS	1314				hypothetical protein
MAG196_00578	tRNA	75				tRNA-Asn(gtt)
MAG196_00579	CDS	804				hypothetical protein
MAG196_00580	CDS	1047	ssuA		COG0715	Putative aliphatic sulfonates-binding protein
MAG196_00581	CDS	810	cmpB		COG0600	Bicarbonate transport system permease protein CmpB
MAG196_00582	CDS	858	tauB	3.6.3.36	COG4525	Taurine import ATP-binding protein TauB
MAG196_00583	CDS	951	rlmK	2.1.1.264	COG1092	Ribosomal RNA large subunit methyltransferase K
MAG196_00584	CDS	1071	rlmN	2.1.1.192	COG0820	Dual-specificity RNA methyltransferase RlmN
MAG196_00585	CDS	393				hypothetical protein
MAG196_00586	CDS	432				hypothetical protein
MAG196_00587	CDS	579				hypothetical protein
MAG196_00588	CDS	759				hypothetical protein
MAG196_00589	CDS	474				hypothetical protein
MAG196_00590	CDS	942				hypothetical protein
MAG196_00591	CDS	477				hypothetical protein
MAG196_00592	CDS	924				hypothetical protein
MAG196_00593	CDS	468	ogt	2.1.1.63	COG0350	Methylated-DNA--protein-cysteine methyltransferase
MAG196_00594	CDS	198				hypothetical protein
MAG196_00595	CDS	1035				hypothetical protein
MAG196_00596	CDS	1884				hypothetical protein
MAG196_00597	CDS	630				hypothetical protein
MAG196_00598	CDS	1002				hypothetical protein
MAG196_00599	CDS	435				hypothetical protein
MAG196_00600	CDS	1728	sad	1.2.1.16		Succinate-semialdehyde dehydrogenase
MAG196_00601	CDS	1455	rpfC	2.7.13.3	COG0642	Sensory/regulatory protein RpfC
MAG196_00602	tRNA	74				tRNA-Lys(ctt)
MAG196_00603	CDS	1029	pilT		COG2805	Twitching mobility protein
MAG196_00604	CDS	231				hypothetical protein
MAG196_00605	CDS	915				hypothetical protein
MAG196_00606	CDS	486				hypothetical protein
MAG196_00607	CDS	2139	ligA	6.5.1.2	COG0272	DNA ligase
MAG196_00608	CDS	372	evgS	2.7.13.3	COG0784	Sensor protein EvgS
MAG196_00609	CDS	1749	ycf3_1			Photosystem I assembly protein Ycf3
MAG196_00610	CDS	1065				hypothetical protein
MAG196_00611	tRNA	87				tRNA-Leu(gag)
MAG196_00612	CDS	909	rimK	6.3.2.-	COG0189	Ribosomal protein S6--L-glutamate ligase
MAG196_00613	CDS	693				hypothetical protein
MAG196_00614	CDS	612				hypothetical protein
MAG196_00615	CDS	1821				hypothetical protein
MAG196_00616	CDS	471				hypothetical protein
MAG196_00617	CDS	1308	purB	4.3.2.2	COG0015	Adenylosuccinate lyase
MAG196_00618	CDS	1863	ftsH	3.4.24.-	COG0465	ATP-dependent zinc metalloprotease FtsH
MAG196_00619	CDS	1548				hypothetical protein
MAG196_00620	CDS	1245				hypothetical protein
MAG196_00621	CDS	768	arnC_2	2.4.2.53	COG0463	Undecaprenyl-phosphate 4-deoxy-4-formamido-L-arabinose transferase
MAG196_00622	CDS	441				hypothetical protein
MAG196_00623	CDS	417				hypothetical protein
MAG196_00624	CDS	11760				hypothetical protein
MAG196_00625	CDS	990	purC	6.3.2.6	COG0152	Phosphoribosylaminoimidazole-succinocarboxamide synthase
MAG196_00626	CDS	126				hypothetical protein
MAG196_00627	CDS	459				hypothetical protein
MAG196_00628	CDS	642	rpe	5.1.3.1	COG0036	Ribulose-phosphate 3-epimerase
MAG196_00629	CDS	444	rpiB	5.3.1.6	COG0698	Ribose-5-phosphate isomerase B
MAG196_00630	CDS	711	tpiA	5.3.1.1	COG0149	Triosephosphate isomerase
MAG196_00631	CDS	534				hypothetical protein
MAG196_00632	CDS	138				hypothetical protein
MAG196_00633	CDS	858				hypothetical protein
MAG196_00634	CDS	1086	dprA		COG0758	DNA processing protein DprA
MAG196_00635	CDS	690	crp		COG0664	cAMP-activated global transcriptional regulator CRP
MAG196_00636	CDS	417				hypothetical protein
MAG196_00637	CDS	381				hypothetical protein
MAG196_00638	CDS	408	rpsI		COG0103	30S ribosomal protein S9
MAG196_00639	CDS	429	rplM		COG0102	50S ribosomal protein L13
MAG196_00640	CDS	441	rplQ		COG0203	50S ribosomal protein L17
MAG196_00641	CDS	996	rpoA	2.7.7.6	COG0202	DNA-directed RNA polymerase subunit alpha
MAG196_00642	CDS	618	rpsD		COG0522	30S ribosomal protein S4
MAG196_00643	CDS	399	rpsK		COG0100	30S ribosomal protein S11
MAG196_00644	CDS	381	rpsM		COG0099	30S ribosomal protein S13
MAG196_00645	CDS	408	infA		COG0361	Translation initiation factor IF-1
MAG196_00646	CDS	750	map	3.4.11.18	COG0024	Methionine aminopeptidase 1
MAG196_00647	CDS	570	adk	2.7.4.3	COG0563	Adenylate kinase
MAG196_00648	CDS	477				hypothetical protein
MAG196_00649	CDS	1284	secY		COG0201	Protein translocase subunit SecY
MAG196_00650	CDS	441	rplO			50S ribosomal protein L15
MAG196_00651	CDS	1224				hypothetical protein
MAG196_00652	CDS	3060				hypothetical protein
MAG196_00653	CDS	3330				hypothetical protein
MAG196_00654	CDS	510			COG0693	putative protein
MAG196_00655	CDS	657	rpsE		COG0098	30S ribosomal protein S5
MAG196_00656	CDS	348	rplR		COG0256	50S ribosomal protein L18
MAG196_00657	CDS	495				hypothetical protein
MAG196_00658	tRNA	77				tRNA-Ala(tgc)
MAG196_00659	CDS	357				hypothetical protein
MAG196_00660	CDS	234				hypothetical protein
MAG196_00661	CDS	318	trxA			Thioredoxin 1
MAG196_00662	CDS	1278	pgi	5.3.1.9	COG0166	Glucose-6-phosphate isomerase
MAG196_00663	CDS	585	ruvA	3.6.4.12	COG0632	Holliday junction ATP-dependent DNA helicase RuvA
MAG196_00664	CDS	1152	mepM_3	3.4.24.-	COG0739	Murein DD-endopeptidase MepM
MAG196_00665	CDS	351				hypothetical protein
MAG196_00666	CDS	669	rsmI	2.1.1.198	COG0313	Ribosomal RNA small subunit methyltransferase I
MAG196_00667	CDS	378				hypothetical protein
MAG196_00668	CDS	444				hypothetical protein
MAG196_00669	CDS	561				hypothetical protein
MAG196_00670	CDS	480				hypothetical protein
MAG196_00671	CDS	2778	relA_1		COG0317	Bifunctional (p)ppGpp synthase/hydrolase RelA
MAG196_00672	CDS	1305				hypothetical protein
MAG196_00673	CDS	594				hypothetical protein
MAG196_00674	CDS	1263				hypothetical protein
MAG196_00675	CDS	4341	ileS	6.1.1.5	COG0060	Isoleucine--tRNA ligase
MAG196_00676	CDS	396				hypothetical protein
MAG196_00677	CDS	369				hypothetical protein
MAG196_00678	CDS	195				hypothetical protein
MAG196_00679	CDS	597	glpF		COG0580	Glycerol uptake facilitator protein
MAG196_00680	CDS	1200				Surface layer protein
MAG196_00681	CDS	654	msrA	1.8.4.11	COG0225	Peptide methionine sulfoxide reductase MsrA
MAG196_00682	CDS	480				hypothetical protein
MAG196_00683	CDS	642	yedZ			Sulfoxide reductase heme-binding subunit YedZ
MAG196_00684	CDS	264				hypothetical protein
MAG196_00685	tmRNA	416	ssrA			transfer-messenger RNA, SsrA
MAG196_00686	CDS	255				hypothetical protein
MAG196_00687	CDS	705				hypothetical protein
MAG196_00688	CDS	423				hypothetical protein
MAG196_00689	CDS	1797	alaS	6.1.1.7	COG0013	Alanine--tRNA ligase
MAG196_00690	CDS	462				hypothetical protein
MAG196_00691	CDS	1812	mdtA			Multidrug resistance protein MdtA
MAG196_00692	CDS	258				hypothetical protein
MAG196_00693	CDS	366				hypothetical protein
MAG196_00694	CDS	1065				hypothetical protein
MAG196_00695	CDS	270				hypothetical protein
MAG196_00696	CDS	1332	hisS	6.1.1.21	COG0124	Histidine--tRNA ligase
MAG196_00697	CDS	357				hypothetical protein
MAG196_00698	CDS	2019	gyrB	5.99.1.3	COG0187	DNA gyrase subunit B
MAG196_00699	CDS	216				hypothetical protein
MAG196_00700	CDS	1635		3.4.21.-		putative CtpA-like serine protease
MAG196_00701	CDS	375				hypothetical protein
MAG196_00702	CDS	1719				hypothetical protein
MAG196_00703	CDS	1410	glyQS	6.1.1.14		Glycine--tRNA ligase
MAG196_00704	CDS	105				hypothetical protein
MAG196_00705	CDS	378				hypothetical protein
MAG196_00706	CDS	2295	polC	2.7.7.7	COG2176	DNA polymerase III PolC-type
MAG196_00707	CDS	342				hypothetical protein
MAG196_00708	CDS	1212	wcaJ	2.7.8.31	COG2148	UDP-glucose:undecaprenyl-phosphate glucose-1-phosphate transferase
MAG196_00709	CDS	384				hypothetical protein
MAG196_00710	CDS	4590				hypothetical protein
MAG196_00711	CDS	294				hypothetical protein
MAG196_00712	CDS	834				hypothetical protein
MAG196_00713	CDS	645				hypothetical protein
MAG196_00714	CDS	99				hypothetical protein
MAG196_00715	CDS	288		4.2.1.96	COG2154	Putative pterin-4-alpha-carbinolamine dehydratase
MAG196_00716	CDS	1143	tyrS	6.1.1.1	COG0162	Tyrosine--tRNA ligase
MAG196_00717	CDS	171				hypothetical protein
MAG196_00718	CDS	936	rluD	5.4.99.23	COG0564	Ribosomal large subunit pseudouridine synthase D
MAG196_00719	CDS	1737				hypothetical protein
MAG196_00720	CDS	405				hypothetical protein
MAG196_00721	CDS	1101	epsE_2		COG2804	Type II secretion system protein E
MAG196_00722	CDS	2571	spoVD		COG0768	Stage V sporulation protein D
MAG196_00723	CDS	207				hypothetical protein
MAG196_00724	CDS	1773	glmS	2.6.1.16	COG0449	Glutamine--fructose-6-phosphate aminotransferase [isomerizing]
MAG196_00725	CDS	261	rpsT		COG0268	30S ribosomal protein S20
MAG196_00726	CDS	366		3.1.-.-	COG0816	Putative pre-16S rRNA nuclease
MAG196_00727	CDS	1098	sigA_3		COG0568	RNA polymerase sigma factor SigA
MAG196_00728	CDS	819				hypothetical protein
MAG196_00729	CDS	630				hypothetical protein
MAG196_00730	CDS	147				hypothetical protein
MAG196_00731	CDS	264				hypothetical protein
MAG196_00732	CDS	246				hypothetical protein
MAG196_00733	CDS	210				hypothetical protein
MAG196_00734	CDS	216				hypothetical protein
MAG196_00735	CDS	345				hypothetical protein
MAG196_00736	CDS	3936	rpoC	2.7.7.6	COG0086	DNA-directed RNA polymerase subunit beta'
MAG196_00737	CDS	273				hypothetical protein
MAG196_00738	CDS	369				hypothetical protein
MAG196_00739	CDS	519				hypothetical protein
MAG196_00740	CDS	753	fbiB	6.3.2.31	COG0778	Coenzyme F420:L-glutamate ligase
MAG196_00741	CDS	585	purN	2.1.2.2	COG0299	Phosphoribosylglycinamide formyltransferase
MAG196_00742	CDS	717	mphP	1.14.13.7	COG0543	Phenol hydroxylase P5 protein
MAG196_00743	CDS	1113	carA	6.3.5.5	COG0505	Carbamoyl-phosphate synthase small chain
MAG196_00744	CDS	627				hypothetical protein
MAG196_00745	CDS	897				hypothetical protein
MAG196_00746	CDS	3252				hypothetical protein
MAG196_00747	CDS	2241				hypothetical protein
MAG196_00748	CDS	1323				hypothetical protein
MAG196_00749	CDS	1563				hypothetical protein
MAG196_00750	CDS	1611	rny	3.1.-.-	COG1418	Ribonuclease Y
MAG196_00751	CDS	3438				hypothetical protein
MAG196_00752	CDS	327				hypothetical protein
MAG196_00753	CDS	816				hypothetical protein
MAG196_00754	CDS	999				hypothetical protein
MAG196_00755	CDS	960	mutY	3.2.2.-	COG1194	Adenine DNA glycosylase
MAG196_00756	CDS	330				hypothetical protein
MAG196_00757	CDS	1179	tuf		COG0050	Elongation factor Tu
MAG196_00758	CDS	432	rpsJ		COG0051	30S ribosomal protein S10
MAG196_00759	CDS	186				hypothetical protein
MAG196_00760	CDS	372	nusB		COG0781	Transcription antitermination protein NusB
MAG196_00761	CDS	690	rnc	3.1.26.3	COG0571	Ribonuclease 3
MAG196_00762	CDS	690	ybhL		COG0670	Inner membrane protein YbhL
MAG196_00763	CDS	798				hypothetical protein
MAG196_00764	CDS	828				hypothetical protein
MAG196_00765	CDS	780	folP	2.5.1.15		Dihydropteroate synthase
MAG196_00766	CDS	1449	algC	5.4.2.2		Phosphomannomutase/phosphoglucomutase
MAG196_00767	CDS	276				hypothetical protein
MAG196_00768	CDS	426				hypothetical protein
MAG196_00769	CDS	168				hypothetical protein
MAG196_00770	CDS	189				hypothetical protein
MAG196_00771	CDS	993	ansA	3.5.1.1	COG0252	L-asparaginase 1
MAG196_00772	CDS	579	gmk_2	2.7.4.8	COG0194	Guanylate kinase
MAG196_00773	CDS	684				hypothetical protein
MAG196_00774	CDS	336				hypothetical protein
MAG196_00775	CDS	381				hypothetical protein
MAG196_00776	CDS	1065				hypothetical protein
MAG196_00777	CDS	681				hypothetical protein
MAG196_00778	CDS	1242				hypothetical protein
MAG196_00779	tRNA	75				tRNA-Cys(gca)
MAG196_00780	CDS	573				hypothetical protein
MAG196_00781	CDS	2502				hypothetical protein
MAG196_00782	CDS	996	kdgK	2.7.1.45	COG0524	2-dehydro-3-deoxygluconokinase
MAG196_00783	CDS	615				hypothetical protein
MAG196_00784	CDS	1302	lapB			Lipopolysaccharide assembly protein B
MAG196_00785	CDS	1338				hypothetical protein
MAG196_00786	CDS	894	secF		COG0341	Protein translocase subunit SecF
MAG196_00787	CDS	1278	tig	5.2.1.8		Trigger factor
MAG196_00788	CDS	1926	relA_2	2.7.6.5	COG0317	GTP pyrophosphokinase
MAG196_00789	CDS	444	dtd	3.1.1.96	COG1490	D-aminoacyl-tRNA deacylase
MAG196_00790	CDS	714	rplJ		COG0244	50S ribosomal protein L10
MAG196_00791	CDS	411	rplL			50S ribosomal protein L7/L12
MAG196_00792	CDS	3801				hypothetical protein
MAG196_00793	CDS	225				hypothetical protein
MAG196_00794	CDS	429				hypothetical protein
MAG196_00795	CDS	981	fldH	1.1.1.-		Phenyllactate dehydrogenase
MAG196_00796	CDS	1545	tagV	2.7.8.-	COG1316	Polyisoprenyl-teichoic acid--peptidoglycan teichoic acid transferase TagV
MAG196_00797	CDS	927				hypothetical protein
MAG196_00798	CDS	1194				hypothetical protein
MAG196_00799	CDS	609	lexA	3.4.21.88		LexA repressor
MAG196_00800	CDS	1188	umuC		COG0389	Protein UmuC
MAG196_00801	CDS	2661	valS	6.1.1.9	COG0525	Valine--tRNA ligase
MAG196_00802	CDS	402				hypothetical protein
MAG196_00803	CDS	219				hypothetical protein
MAG196_00804	CDS	246				hypothetical protein
MAG196_00805	CDS	876				hypothetical protein
MAG196_00806	CDS	2391	pnp	2.7.7.8	COG1185	Polyribonucleotide nucleotidyltransferase
MAG196_00807	CDS	555				hypothetical protein
MAG196_00808	CDS	648				hypothetical protein
MAG196_00809	CDS	666	racX	5.1.1.-	COG1794	putative amino-acid racemase
MAG196_00810	CDS	882				hypothetical protein
MAG196_00811	CDS	282	trpR			Trp operon repressor
MAG196_00812	CDS	270	rpsO		COG0184	30S ribosomal protein S15
MAG196_00813	CDS	1164				hypothetical protein
MAG196_00814	CDS	2268	pcrA_2	3.6.4.12		ATP-dependent DNA helicase PcrA
MAG196_00815	CDS	1671				Cell surface glycoprotein 2
MAG196_00816	CDS	867				hypothetical protein
MAG196_00817	CDS	807	rsmA	2.1.1.182		Ribosomal RNA small subunit methyltransferase A
MAG196_00818	CDS	1377	comEC		COG0658	ComE operon protein 3
MAG196_00819	CDS	537				hypothetical protein
MAG196_00820	CDS	468				hypothetical protein
MAG196_00821	CDS	1542				hypothetical protein
MAG196_00822	CDS	243				hypothetical protein
MAG196_00823	tRNA	75				tRNA-Glu(ttc)
MAG196_00824	CDS	375				hypothetical protein
MAG196_00825	CDS	840			COG0543	Dihydroorotate dehydrogenase B (NAD(+)), electron transfer subunit 
MAG196_00826	CDS	945	pyrD	1.3.1.14	COG0167	Dihydroorotate dehydrogenase B (NAD(+)), catalytic subunit
MAG196_00827	CDS	240				hypothetical protein
MAG196_00828	CDS	855				hypothetical protein
MAG196_00829	CDS	882	livH		COG0559	High-affinity branched-chain amino acid transport system permease protein LivH
MAG196_00830	CDS	1119	braC		COG0683	Leucine-, isoleucine-, valine-, threonine-, and alanine-binding protein
MAG196_00831	CDS	735	lptB	3.6.3.-	COG1137	Lipopolysaccharide export system ATP-binding protein LptB
MAG196_00832	CDS	777				hypothetical protein
MAG196_00833	CDS	1680	pyrG	6.3.4.2		CTP synthase
MAG196_00834	CDS	1236				hypothetical protein
MAG196_00835	CDS	819				hypothetical protein
MAG196_00836	CDS	2088	hppA1	3.6.1.1	COG3808	Putative K(+)-stimulated pyrophosphate-energized sodium pump
MAG196_00837	CDS	516				hypothetical protein
MAG196_00838	CDS	522				hypothetical protein
MAG196_00839	CDS	195				hypothetical protein
MAG196_00840	CDS	1251	proS	6.1.1.15	COG0442	Proline--tRNA ligase
MAG196_00841	CDS	426				hypothetical protein
MAG196_00842	CDS	783				hypothetical protein
MAG196_00843	CDS	3099				hypothetical protein
MAG196_00844	CDS	132				hypothetical protein
MAG196_00845	CDS	1365	ahcY	3.3.1.1		Adenosylhomocysteinase
MAG196_00846	CDS	945	adoK	2.7.1.20		Adenosine kinase
MAG196_00847	CDS	1308	rkpK	1.1.1.22	COG1004	UDP-glucose 6-dehydrogenase
MAG196_00848	CDS	963	wbgU	5.1.3.7		UDP-N-acetylglucosamine 4-epimerase
MAG196_00849	CDS	1170				hypothetical protein
MAG196_00850	CDS	312				hypothetical protein
MAG196_00851	CDS	1092	ppm1_2	2.4.1.-		Polyprenol monophosphomannose synthase
MAG196_00852	CDS	918	rfbB_1	4.2.1.46	COG1088	dTDP-glucose 4,6-dehydratase
MAG196_00853	CDS	279				hypothetical protein
MAG196_00854	CDS	975				hypothetical protein
MAG196_00855	CDS	1248				hypothetical protein
MAG196_00856	CDS	291				hypothetical protein
MAG196_00857	CDS	1623				hypothetical protein
MAG196_00858	CDS	405				hypothetical protein
MAG196_00859	CDS	1248	wbpA	1.1.1.136	COG0677	UDP-N-acetyl-D-glucosamine 6-dehydrogenase
MAG196_00860	CDS	729	pgdA	3.5.1.104	COG0726	Peptidoglycan-N-acetylglucosamine deacetylase
MAG196_00861	CDS	1035	rfbE_2	5.1.3.10	COG0451	CDP-paratose 2-epimerase
MAG196_00862	CDS	1122	pimB_3	2.4.1.346	COG0438	GDP-mannose-dependent alpha-(1-6)-phosphatidylinositol monomannoside mannosyltransferase
MAG196_00863	CDS	831	bacC	1.1.1.385		Dihydroanticapsin 7-dehydrogenase
MAG196_00864	CDS	723	legF_1	2.7.7.82	COG1083	CMP-N,N'-diacetyllegionaminic acid synthase
MAG196_00865	CDS	540				hypothetical protein
MAG196_00866	CDS	1149				hypothetical protein
MAG196_00867	CDS	618	hisH	2.4.2.-	COG0118	Imidazole glycerol phosphate synthase subunit HisH
MAG196_00868	CDS	765	hisF	4.1.3.-	COG0107	Imidazole glycerol phosphate synthase subunit HisF
MAG196_00869	CDS	1314	kat	2.6.1.111		3-aminobutyryl-CoA aminotransferase
MAG196_00870	CDS	1008	neuB_1	2.5.1.101	COG2089	N,N'-diacetyllegionaminic acid synthase
MAG196_00871	CDS	858	rfbB_2	4.2.1.46	COG1088	dTDP-glucose 4,6-dehydratase
MAG196_00872	CDS	1677	polX_2		COG1387	DNA polymerase/3'-5' exonuclease PolX
MAG196_00873	CDS	1125	neuC			Polysialic acid biosynthesis protein P7
MAG196_00874	CDS	1137	per_1	2.6.1.102	COG0399	GDP-perosamine synthase
MAG196_00875	CDS	1059	pseB	4.2.1.115	COG1086	UDP-N-acetylglucosamine 4,6-dehydratase (inverting)
MAG196_00876	CDS	723	novP	2.1.1.285		Demethyldecarbamoylnovobiocin O-methyltransferase
MAG196_00877	CDS	1446				hypothetical protein
MAG196_00878	CDS	969				hypothetical protein
MAG196_00879	CDS	1821	cysNC		COG0529	Bifunctional enzyme CysN/CysC
MAG196_00880	CDS	387	cysD	2.7.7.4	COG0175	Sulfate adenylyltransferase subunit 2
MAG196_00881	CDS	1017				hypothetical protein
MAG196_00882	CDS	1107	mnmA	2.8.1.13		tRNA-specific 2-thiouridylase MnmA
MAG196_00883	CDS	1167				hypothetical protein
MAG196_00884	tRNA	88				tRNA-Leu(taa)
MAG196_00885	CDS	969				hypothetical protein
MAG196_00886	CDS	1323				hypothetical protein
MAG196_00887	CDS	996				hypothetical protein
MAG196_00888	CDS	837				hypothetical protein
MAG196_00889	CDS	3270	carB	6.3.5.5		Carbamoyl-phosphate synthase large chain
MAG196_00890	CDS	504	greA		COG0782	Transcription elongation factor GreA
MAG196_00891	CDS	387				hypothetical protein
MAG196_00892	CDS	963	yqeN		COG1466	putative protein YqeN
MAG196_00893	CDS	327				hypothetical protein
MAG196_00894	CDS	1524				hypothetical protein
MAG196_00895	CDS	885	petE			Plastocyanin
MAG196_00896	CDS	1146				hypothetical protein
MAG196_00897	CDS	750				hypothetical protein
MAG196_00898	CDS	1971	yrrB			TPR repeat-containing protein YrrB
MAG196_00899	CDS	675	yceI		COG2353	Protein YceI
MAG196_00900	CDS	888				hypothetical protein
MAG196_00901	CDS	435				hypothetical protein
MAG196_00902	CDS	1311	rhlE	3.6.4.13	COG0513	ATP-dependent RNA helicase RhlE
MAG196_00903	CDS	1341				hypothetical protein
MAG196_00904	CDS	201				hypothetical protein
MAG196_00905	CDS	300				hypothetical protein
MAG196_00906	CDS	1305				hypothetical protein
MAG196_00907	CDS	276				hypothetical protein
MAG196_00908	CDS	1479				hypothetical protein
MAG196_00909	CDS	789		2.1.1.-		putative S-adenosylmethionine-dependent methyltransferase/MSMEI_2290
MAG196_00910	CDS	1503	spsE		COG2089	Spore coat polysaccharide biosynthesis protein SpsE
MAG196_00911	CDS	702	legF_2	2.7.7.82	COG1083	CMP-N,N'-diacetyllegionaminic acid synthase
MAG196_00912	CDS	1812	hepA		COG1132	Heterocyst differentiation ATP-binding protein HepA
MAG196_00913	CDS	900				hypothetical protein
MAG196_00914	CDS	747				hypothetical protein
MAG196_00915	CDS	1125	kanF	2.4.1.284		2-deoxystreptamine glucosyltransferase
MAG196_00916	CDS	1089	tam	2.1.1.144		Trans-aconitate 2-methyltransferase
MAG196_00917	CDS	837				hypothetical protein
MAG196_00918	CDS	1164	neuA	2.7.7.43	COG1083	N-acylneuraminate cytidylyltransferase
MAG196_00919	CDS	828				hypothetical protein
MAG196_00920	CDS	801	fabG	1.1.1.100		3-oxoacyl-[acyl-carrier-protein] reductase FabG
MAG196_00921	CDS	873	gno	1.1.1.-		Gluconate 5-dehydrogenase
MAG196_00922	CDS	855	neuB_2	2.5.1.101	COG2089	N,N'-diacetyllegionaminic acid synthase
MAG196_00923	CDS	585	gmhA	5.3.1.28	COG0279	Phosphoheptose isomerase
MAG196_00924	CDS	1305				hypothetical protein
MAG196_00925	CDS	783				hypothetical protein
MAG196_00926	CDS	1059	gmd_1	4.2.1.47	COG1089	GDP-mannose 4,6-dehydratase
MAG196_00927	CDS	384				hypothetical protein
MAG196_00928	CDS	414				hypothetical protein
MAG196_00929	CDS	1089	per_2	2.6.1.102	COG0399	GDP-perosamine synthase
MAG196_00930	CDS	1755				hypothetical protein
MAG196_00931	CDS	675				hypothetical protein
MAG196_00932	CDS	972	gmd_2	4.2.1.47	COG1089	GDP-mannose 4,6-dehydratase
MAG196_00933	CDS	1254				hypothetical protein
MAG196_00934	CDS	738	ppm1_3	2.4.1.-		Polyprenol monophosphomannose synthase
MAG196_00935	CDS	756	rgtE	2.4.1.-	COG0463	Dodecaprenyl-phosphate galacturonate synthase
MAG196_00936	CDS	162				hypothetical protein
MAG196_00937	CDS	1062	mraY	2.7.8.13	COG0472	Phospho-N-acetylmuramoyl-pentapeptide-transferase
MAG196_00938	CDS	1371	dnaC	3.6.4.12	COG0305	Replicative DNA helicase
MAG196_00939	CDS	1131	recA			Protein RecA
MAG196_00940	CDS	624	ycgJ	2.1.1.-		putative methyltransferase YcgJ
MAG196_00941	CDS	288				hypothetical protein
MAG196_00942	CDS	534				hypothetical protein
MAG196_00943	CDS	1020				hypothetical protein
MAG196_00944	CDS	708				hypothetical protein
MAG196_00945	CDS	426				hypothetical protein
MAG196_00946	CDS	1464				hypothetical protein
MAG196_00947	CDS	1095	dapE	3.5.1.18	COG0624	Succinyl-diaminopimelate desuccinylase
MAG196_00948	CDS	372				hypothetical protein
MAG196_00949	tRNA	76				tRNA-Phe(gaa)
MAG196_00950	CDS	345				hypothetical protein
MAG196_00951	CDS	1293	obg	3.6.5.-		GTPase Obg
MAG196_00952	CDS	1920	dnaK			Chaperone protein DnaK
MAG196_00953	CDS	1017	gapA	1.2.1.12	COG0057	Glyceraldehyde-3-phosphate dehydrogenase 1
MAG196_00954	CDS	525				hypothetical protein
MAG196_00955	CDS	828	nfo	3.1.21.2		putative endonuclease 4
MAG196_00956	CDS	1356	cca	2.7.7.72		CCA-adding enzyme
MAG196_00957	CDS	384				hypothetical protein
MAG196_00958	CDS	798				hypothetical protein
MAG196_00959	tRNA	77				tRNA-Ile(tat)
MAG196_00960	CDS	447	rplI		COG0359	50S ribosomal protein L9
MAG196_00961	CDS	2211	appA			Oligopeptide-binding protein AppA
MAG196_00962	CDS	213				hypothetical protein
MAG196_00963	tRNA	78				tRNA-Val(tac)
MAG196_00964	CDS	456				hypothetical protein
MAG196_00965	CDS	1788				hypothetical protein
MAG196_00966	CDS	318				hypothetical protein
MAG196_00967	CDS	270				hypothetical protein
MAG196_00968	CDS	486	rpsP		COG0228	30S ribosomal protein S16
MAG196_00969	CDS	303				hypothetical protein
MAG196_00970	CDS	1032	bshA_3	2.4.1.-	COG0438	N-acetyl-alpha-D-glucosaminyl L-malate synthase
MAG196_00971	CDS	780	prmC	2.1.1.297	COG2890	Release factor glutamine methyltransferase
MAG196_00972	CDS	414				hypothetical protein
MAG196_00973	CDS	1212	purA	6.3.4.4	COG0104	Adenylosuccinate synthetase
MAG196_00974	CDS	432				hypothetical protein
MAG196_00975	CDS	885	nadK	2.7.1.23	COG0061	NAD kinase
MAG196_00976	CDS	1041	pglJ	2.4.1.291	COG0438	N-acetylgalactosamine-N,N'-diacetylbacillosaminyl-diphospho-undecaprenol 4-alpha-N-acetylgalactosaminyltransferase
MAG196_00977	CDS	546				hypothetical protein
MAG196_00978	CDS	321				hypothetical protein
MAG196_00979	CDS	957	fbp	3.1.3.11	COG0158	Fructose-1,6-bisphosphatase class 1
MAG196_00980	CDS	1017	gapB	1.2.1.59	COG0057	Glyceraldehyde-3-phosphate dehydrogenase 2
MAG196_00981	CDS	564				hypothetical protein
MAG196_00982	CDS	2379				hypothetical protein
MAG196_00983	CDS	270				hypothetical protein
MAG196_00984	CDS	972				hypothetical protein
MAG196_00985	CDS	2016	recG	3.6.4.12		ATP-dependent DNA helicase RecG
MAG196_00986	CDS	549				hypothetical protein
MAG196_00987	CDS	261				hypothetical protein
MAG196_00988	CDS	573				hypothetical protein
MAG196_00989	tRNA	77				tRNA-Pro(tgg)
MAG196_00990	CDS	2103	priA	3.6.4.-	COG1198	Primosomal protein N'
MAG196_00991	CDS	1197				hypothetical protein
MAG196_00992	CDS	372	trmH	2.1.1.34	COG0566	tRNA (guanosine(18)-2'-O)-methyltransferase
MAG196_00993	CDS	1227	purQ	6.3.5.3		Phosphoribosylformylglycinamidine synthase subunit PurQ
MAG196_00994	CDS	546	frr		COG0233	Ribosome-recycling factor
MAG196_00995	CDS	708	pyrH	2.7.4.22	COG0528	Uridylate kinase
MAG196_00996	tRNA	77				tRNA-Arg(tct)
MAG196_00997	CDS	324				hypothetical protein
MAG196_00998	CDS	1125				hypothetical protein
MAG196_00999	CDS	4149				hypothetical protein
MAG196_01000	CDS	1407	pyk	2.7.1.40	COG0469	Pyruvate kinase
MAG196_01001	CDS	2346				hypothetical protein
MAG196_01002	CDS	354				hypothetical protein
MAG196_01003	CDS	900	rsmH	2.1.1.199	COG0275	Ribosomal RNA small subunit methyltransferase H
MAG196_01004	CDS	618				hypothetical protein
MAG196_01005	tRNA	90				tRNA-Ser(gct)
MAG196_01006	CDS	1107				hypothetical protein
MAG196_01007	CDS	2481		3.6.3.8		Calcium-transporting ATPase 1
MAG196_01008	CDS	993				hypothetical protein
MAG196_01009	CDS	1410	gnd	1.1.1.44	COG0362	6-phosphogluconate dehydrogenase, decarboxylating
MAG196_01010	CDS	648	tal	2.2.1.2	COG0176	Transaldolase
MAG196_01011	CDS	732				hypothetical protein
MAG196_01012	CDS	291				hypothetical protein
MAG196_01013	CDS	333	csaA		COG0073	putative chaperone CsaA
MAG196_01014	CDS	2304	tkt	2.2.1.1		Transketolase
MAG196_01015	tRNA	90				tRNA-Ser(tga)
MAG196_01016	CDS	2940				hypothetical protein
MAG196_01017	CDS	7923				hypothetical protein
MAG196_01018	CDS	1848				hypothetical protein
MAG196_01019	CDS	1542				hypothetical protein
MAG196_01020	CDS	771				hypothetical protein
MAG196_01021	CDS	1032				Surface layer protein
MAG196_01022	CDS	372	ribF		COG0196	Riboflavin biosynthesis protein RibF
MAG196_01023	CDS	1269	murE	6.3.2.13	COG0769	UDP-N-acetylmuramoyl-L-alanyl-D-glutamate--2,6-diaminopimelate ligase
MAG196_01024	CDS	300				hypothetical protein
MAG196_01025	CDS	603	rnhB	3.1.26.4	COG0164	Ribonuclease HII
MAG196_01026	CDS	780	lgt_2	2.4.99.-	COG0682	Prolipoprotein diacylglyceryl transferase
MAG196_01027	CDS	1473				hypothetical protein
MAG196_01028	CDS	858				hypothetical protein
MAG196_01029	CDS	1005	tsaD	2.3.1.234	COG0533	tRNA N6-adenosine threonylcarbamoyltransferase
MAG196_01030	CDS	93				hypothetical protein
MAG196_01031	CDS	2052				hypothetical protein
MAG196_01032	CDS	978				hypothetical protein
MAG196_01033	CDS	1035				hypothetical protein
MAG196_01034	CDS	144				hypothetical protein
MAG196_01035	CDS	273				hypothetical protein
MAG196_01036	CDS	504				hypothetical protein
MAG196_01037	CDS	2013				hypothetical protein
MAG196_01038	CDS	963				hypothetical protein
MAG196_01039	CDS	1380				Cell surface glycoprotein 2
MAG196_01040	CDS	171				hypothetical protein
MAG196_01041	CDS	366				hypothetical protein
MAG196_01042	CDS	324	groS		COG0234	10 kDa chaperonin
MAG196_01043	CDS	1659	groL			60 kDa chaperonin
MAG196_01044	CDS	177				hypothetical protein
MAG196_01045	CDS	357				hypothetical protein
MAG196_01046	CDS	954				hypothetical protein
MAG196_01047	CDS	408	cbaB	1.9.3.1	COG1622	Cytochrome c oxidase subunit 2
MAG196_01048	CDS	318				hypothetical protein
MAG196_01049	CDS	1488	mco	1.-.-.-		Multicopper oxidase mco
MAG196_01050	CDS	2415	clpC_2		COG0542	ATP-dependent Clp protease ATP-binding subunit ClpC
MAG196_01051	CDS	423				hypothetical protein
MAG196_01052	CDS	621	tmk	2.7.4.9	COG0125	Thymidylate kinase
MAG196_01053	CDS	852	folD		COG0190	Bifunctional protein FolD protein
MAG196_01054	CDS	1509	purF	2.4.2.14	COG0034	Amidophosphoribosyltransferase
MAG196_01055	CDS	339				hypothetical protein
MAG196_01056	CDS	1323	purD	6.3.4.13	COG0151	Phosphoribosylamine--glycine ligase
MAG196_01057	CDS	465				hypothetical protein
MAG196_01058	CDS	651	recO		COG1381	DNA repair protein RecO
MAG196_01059	CDS	957	ftsX		COG2177	Cell division protein FtsX
MAG196_01060	CDS	603				hypothetical protein
MAG196_01061	CDS	348				hypothetical protein
MAG196_01062	CDS	3237	pbpG		COG0744	Penicillin-binding protein 2D
MAG196_01063	CDS	744			COG0217	putative transcriptional regulatory protein/MSMEI_2866
MAG196_01064	CDS	234	rpsR2		COG0238	30S ribosomal protein S18 2
MAG196_01065	CDS	573	rpsF		COG0360	30S ribosomal protein S6
MAG196_01066	tRNA	76				tRNA-Thr(ggt)
MAG196_01067	CDS	414	sufU	2.-.-.-	COG0822	Zinc-dependent sulfurtransferase SufU
MAG196_01068	CDS	459	csd	2.8.1.7		putative cysteine desulfurase
MAG196_01069	CDS	1101	gyrA	5.99.1.3	COG0188	DNA gyrase subunit A
MAG196_01070	CDS	219	rpmE		COG0254	50S ribosomal protein L31
MAG196_01071	CDS	711	hrcA		COG1420	Heat-inducible transcription repressor HrcA
MAG196_01072	CDS	2676				hypothetical protein
MAG196_01073	CDS	387				hypothetical protein
MAG196_01074	CDS	885				hypothetical protein
MAG196_01075	CDS	624				hypothetical protein
MAG196_01076	CDS	1038				Surface layer protein
MAG196_01077	CDS	1269	glyA	2.1.2.1	COG0112	Serine hydroxymethyltransferase
MAG196_01078	CDS	582		6.3.3.2	COG0212	5-formyltetrahydrofolate cyclo-ligase
MAG196_01079	CDS	1542	dnaX_2	2.7.7.7	COG2812	DNA polymerase III subunit tau
MAG196_01080	CDS	579				hypothetical protein
MAG196_01081	CDS	594				hypothetical protein
MAG196_01082	CDS	2076				hypothetical protein
MAG196_01083	CDS	630	dcd	3.5.4.13	COG0717	dCTP deaminase
MAG196_01084	CDS	1275	nhaA			Na(+)/H(+) antiporter NhaA
MAG196_01085	CDS	1419				hypothetical protein
MAG196_01086	CDS	2070	ancA_3			Cellulosome-anchoring protein
MAG196_01087	CDS	324				hypothetical protein
MAG196_01088	CDS	654	rluC	5.4.99.24	COG0564	Ribosomal large subunit pseudouridine synthase C
MAG196_01089	CDS	1701				hypothetical protein
MAG196_01090	CDS	972				hypothetical protein
MAG196_01091	CDS	357				hypothetical protein
MAG196_01092	CDS	291				hypothetical protein
MAG196_01093	CDS	282				hypothetical protein
MAG196_01094	CDS	1119	pimB_4	2.4.1.346	COG0438	GDP-mannose-dependent alpha-(1-6)-phosphatidylinositol monomannoside mannosyltransferase
MAG196_01095	CDS	903	ftsQ			Cell division protein FtsQ
MAG196_01096	CDS	867	dacB	3.4.16.4	COG1686	D-alanyl-D-alanine carboxypeptidase DacB
MAG196_01097	CDS	1053	nlpD			Murein hydrolase activator NlpD
MAG196_01098	CDS	1737				hypothetical protein
MAG196_01099	CDS	1671				hypothetical protein
MAG196_01100	CDS	1797				hypothetical protein
MAG196_01101	CDS	759				hypothetical protein
MAG196_01102	CDS	543				hypothetical protein
MAG196_01103	tRNA	77				tRNA-Asp(gtc)
MAG196_01104	CDS	1485	speE	2.5.1.16		Polyamine aminopropyltransferase
MAG196_01105	CDS	474				hypothetical protein
MAG196_01106	CDS	1455	gatA	6.3.5.7	COG0154	Glutamyl-tRNA(Gln) amidotransferase subunit A
MAG196_01107	CDS	297	gatC	6.3.5.-	COG0721	Aspartyl/glutamyl-tRNA(Asn/Gln) amidotransferase subunit C
MAG196_01108	CDS	357	rnpA	3.1.26.5		Ribonuclease P protein component
MAG196_01109	CDS	1206	yidC2		COG0706	Membrane protein insertase YidC 2
MAG196_01110	CDS	903	fda	4.1.2.13	COG3588	Fructose-bisphosphate aldolase class 1
MAG196_01111	CDS	183	csrA		COG1551	Carbon storage regulator
MAG196_01112	CDS	213				hypothetical protein
MAG196_01113	CDS	1398	cysS	6.1.1.16	COG0215	Cysteine--tRNA ligase
MAG196_01114	CDS	4335	ctc_2			S-layer protein
MAG196_01115	CDS	966				hypothetical protein
MAG196_01116	CDS	609	sodA	1.15.1.1	COG0605	Superoxide dismutase [Mn]
MAG196_01117	CDS	1665	ycf3_2			Photosystem I assembly protein Ycf3
MAG196_01118	CDS	771	uxuB	1.-.-.-	COG1028	putative oxidoreductase UxuB
MAG196_01119	CDS	3939	rpoB	2.7.7.6	COG0085	DNA-directed RNA polymerase subunit beta
MAG196_01120	rRNA	1823				23S ribosomal RNA (partial)
MAG196_01121	CDS	1110	lysS	6.1.1.6	COG1384	Lysine--tRNA ligase
MAG196_01122	CDS	1023				hypothetical protein
MAG196_01123	CDS	1377	patA_2	2.3.1.-	COG1696	Peptidoglycan O-acetyltransferase
MAG196_01124	CDS	540	fae	4.2.1.147	COG1795	5,6,7,8-tetrahydromethanopterin hydro-lyase
MAG196_01125	CDS	126				hypothetical protein
MAG196_01126	CDS	600				hypothetical protein
MAG196_01127	CDS	660	mycF	2.1.1.237		Mycinamicin III 3''-O-methyltransferase
MAG196_01128	CDS	1077	ykvP		COG1388	Spore protein YkvP
MAG196_01129	CDS	1131	wbpI	5.1.3.23	COG0381	UDP-2,3-diacetamido-2,3-dideoxy-D-glucuronate 2-epimerase
MAG196_01130	CDS	1470				hypothetical protein
MAG196_01131	CDS	684				hypothetical protein
MAG196_01132	CDS	1767				hypothetical protein
MAG196_01133	CDS	339				hypothetical protein
MAG196_01134	CDS	1812	bshA_4	2.4.1.-	COG0438	N-acetyl-alpha-D-glucosaminyl L-malate synthase
MAG196_01135	CDS	3144				hypothetical protein
MAG196_01136	CDS	765	tagH	3.6.3.40	COG1134	Teichoic acids export ATP-binding protein TagH
MAG196_01137	CDS	771				hypothetical protein
MAG196_01138	CDS	1398		3.1.-.-	COG1236	Ribonuclease
MAG196_01139	CDS	762				hypothetical protein
MAG196_01140	CDS	3411				hypothetical protein
MAG196_01141	CDS	801	rluF	5.4.99.21	COG1187	23S rRNA pseudouridine(2604) synthase
MAG196_01142	CDS	762				hypothetical protein
MAG196_01143	CDS	1776	srrB	2.7.13.3		Sensor protein SrrB
MAG196_01144	CDS	1977				hypothetical protein
MAG196_01145	rRNA	94				5S ribosomal RNA (partial)
MAG196_01146	CDS	126				hypothetical protein
MAG196_01147	CDS	426	rpsL		COG0048	30S ribosomal protein S12
MAG196_01148	CDS	453	rpsG		COG0049	30S ribosomal protein S7
MAG196_01149	CDS	339				hypothetical protein
MAG196_01150	CDS	2106	fusA		COG0480	Elongation factor G
MAG196_01151	CDS	297				hypothetical protein
MAG196_01152	CDS	384				hypothetical protein
MAG196_01153	CDS	942	ribD		COG0117	Riboflavin biosynthesis protein RibD
MAG196_01154	CDS	675	nfr2	1.5.1.36	COG0431	NADH-dependent flavin reductase subunit 2
MAG196_01155	CDS	3426	nrdJ	1.17.4.1	COG0209	Vitamin B12-dependent ribonucleotide reductase
MAG196_01156	CDS	435				hypothetical protein
MAG196_01157	CDS	294				hypothetical protein
MAG196_01158	CDS	1095	ychF		COG0012	Ribosome-binding ATPase YchF
MAG196_01159	CDS	1308	ancA_4			Cellulosome-anchoring protein
MAG196_01160	CDS	2487				hypothetical protein
MAG196_01161	CDS	393	mprA		COG0745	Response regulator MprA
MAG196_01162	CDS	774	tsf		COG0264	Elongation factor Ts
MAG196_01163	CDS	693	rpsB		COG0052	30S ribosomal protein S2
MAG196_01164	CDS	414				hypothetical protein
MAG196_01165	CDS	678	otnI	5.3.1.35	COG3622	2-oxo-tetronate isomerase
