MAG	tRNA-Ala(cgc)	tRNA-Ala(ggc)	tRNA-Ala(tgc)	tRNA-Arg(acg)	tRNA-Arg(ccg)	tRNA-Arg(cct)	tRNA-Arg(gcg)	tRNA-Arg(tcg)	tRNA-Arg(tct)	tRNA-Asn(gtt)	tRNA-Asp(gtc)	tRNA-Cys(gca)	tRNA-Gln(ctg)	tRNA-Gln(ttg)	tRNA-Glu(ctc)	tRNA-Glu(ttc)	tRNA-Gly(ccc)	tRNA-Gly(gcc)	tRNA-Gly(tcc)	tRNA-His(atg)	tRNA-His(gtg)	tRNA-Ile(gat)	tRNA-Leu(caa)	tRNA-Leu(cag)	tRNA-Leu(gag)	tRNA-Leu(taa)	tRNA-Leu(tag)	tRNA-Lys(ctt)	tRNA-Lys(ttt)	tRNA-Met(cat)	tRNA-Phe(gaa)	tRNA-Pro(cgg)	tRNA-Pro(ggg)	tRNA-Pro(tgg)	tRNA-SeC(tca)	tRNA-Ser(cga)	tRNA-Ser(gct)	tRNA-Ser(gga)	tRNA-Ser(tga)	tRNA-Thr(cgt)	tRNA-Thr(ggt)	tRNA-Thr(tgt)	tRNA-Trp(cca)	tRNA-Tyr(gta)	tRNA-Val(cac)	tRNA-Val(gac)	tRNA-Val(tac)
MAG128	0	1	0	1	0	1	0	1	1	1	1	1	0	1	0	1	0	1	1	0	1	0	1	1	1	1	1	0	1	0	0	0	1	1	1	0	1	1	1	0	1	1	0	1	0	1	1
MAG137	1	1	1	1	1	1	1	0	1	1	1	1	1	1	1	1	1	1	0	0	1	1	1	0	0	1	0	1	0	1	1	1	1	1	1	1	1	1	1	1	0	1	1	1	1	1	0
MAG212	0	1	0	1	1	1	0	0	1	1	1	1	0	1	0	1	1	1	1	1	1	0	1	0	1	1	1	0	1	1	1	1	1	1	1	1	1	1	1	1	1	0	1	0	0	1	1
MAG237	0	1	0	1	1	1	0	0	1	1	1	1	0	1	0	1	1	1	0	0	1	0	0	1	1	1	1	0	1	1	1	0	1	1	0	1	1	0	1	0	1	1	1	1	0	0	1
MAG238	0	0	0	1	0	1	0	0	1	1	1	1	0	1	0	1	0	1	1	0	1	0	0	0	1	1	1	0	1	1	0	0	1	1	0	0	1	1	1	0	1	1	1	1	0	0	1
MAG248	1	0	0	1	1	1	0	0	1	1	1	0	1	1	1	1	0	1	1	0	1	0	1	1	1	1	0	0	0	1	1	0	1	1	1	1	1	0	1	1	0	0	1	1	1	1	1
MAG253	0	1	1	1	1	1	0	0	1	1	1	0	0	1	0	1	0	1	1	0	1	1	1	0	1	1	1	0	1	1	1	0	0	1	0	0	1	1	1	0	1	1	1	1	0	1	1
MAG270	0	1	0	1	0	1	0	1	1	1	1	1	0	1	0	1	0	1	1	0	1	0	1	1	1	1	1	0	1	1	1	0	1	1	0	0	1	0	1	0	1	1	0	1	0	1	1
MAG298	0	1	0	1	0	1	0	0	1	1	1	1	0	1	0	1	0	1	1	0	1	0	1	1	1	1	1	0	1	1	1	0	1	1	0	1	1	1	1	0	1	1	0	1	0	1	1
MAG31	0	1	0	1	0	0	0	1	1	1	1	1	0	1	0	1	0	1	1	0	1	0	1	0	1	1	1	0	1	1	1	0	1	1	1	0	1	1	1	0	0	1	1	1	0	1	1
MAG60	0	1	0	1	0	1	0	1	1	0	1	1	0	1	0	1	0	1	1	0	1	0	1	1	1	1	0	0	1	1	1	0	1	1	0	0	1	0	0	0	1	1	1	1	0	1	0
